name,phone,email,address,postalZip,region,country,list,text,numberrange,currency,alphanumeric
Carl Todd,0800 1111,mauris.suspendisse@protonmail.net,"Ap #556-6076 Lorem, Av.",18838,Azad Kashmir,Ireland,1,pede ac urna. Ut tincidunt vehicula risus. Nulla eget metus,2,$3.61,NGM77DMT8HR
Imani Hartman,070 6524 1233,tempor@hotmail.edu,893-9946 Sociis Rd.,575444,Victoria,India,19,eget odio. Aliquam vulputate ullamcorper magna. Sed eu eros. Nam,1,$40.74,ROO25QJR7EJ
Lynn Carver,0980 367 7825,convallis.erat.eget@aol.org,9010 Auctor. Road,25252,East Region,Pakistan,17,senectus et netus et malesuada fames ac turpis egestas. Fusce,1,$84.87,OAM72YZF3QW
Sade Martinez,0845 46 43,dui.cum@hotmail.couk,560-9011 Magna. St.,491187,Manisa,Pakistan,1,"dui augue eu tellus. Phasellus elit pede, malesuada vel, venenatis",2,$36.73,HDQ00BJN2QA
Uriel Romero,07381 542211,elit.nulla@outlook.com,596-1288 Amet Rd.,6700,Nova Scotia,Singapore,11,vestibulum massa rutrum magna. Cras convallis convallis dolor. Quisque tincidunt,4,$45.69,VTX15TUS7TC
Carter Dunlap,(01650) 866302,mauris@protonmail.edu,124-1440 Turpis. St.,A6R 8J6,Kujawsko-pomorskie,Turkey,7,risus. Donec egestas. Aliquam nec enim. Nunc ut erat. Sed,9,$77.89,WOS50VLG3IQ
Roth Buck,0500 066635,diam.luctus@yahoo.org,Ap #348-4288 Molestie Avenue,7127 UR,Euskadi,South Africa,5,"justo nec ante. Maecenas mi felis, adipiscing fringilla, porttitor vulputate,",10,$12.98,WBR26ZLJ5CP
Eve Hess,0845 46 48,sit.amet.ornare@aol.com,"Ap #880-6258 Id, Rd.",6757,North Island,Costa Rica,3,"Nunc sed orci lobortis augue scelerisque mollis. Phasellus libero mauris,",2,$87.20,GLR55DEJ4LE
Yetta Santana,070 3333 1287,tellus.id@outlook.edu,"P.O. Box 271, 7199 Pharetra. Ave",981767,Kirovohrad oblast,Italy,1,non justo. Proin non massa non ante bibendum ullamcorper. Duis,9,$10.47,XIY12XRB3NY
Dolan Powers,(0111) 776 3743,ligula.nullam.enim@protonmail.couk,Ap #424-2477 Turpis Rd.,29697,Anambra,Canada,11,"tempus non, lacinia at, iaculis quis, pede. Praesent eu dui.",7,$81.44,VAN74WNS1ZU
Oscar Rosales,0800 141 1889,quam.pellentesque.habitant@hotmail.org,9592 Tortor Rd.,16198-17502,Dōngběi,Norway,17,"auctor ullamcorper, nisl arcu iaculis enim, sit amet ornare lectus",6,$42.31,KFR72QTL0VX
Jarrod Jackson,056 3244 4475,elit.pharetra@yahoo.net,1605 Eu Ave,84138,Lorraine,United States,17,arcu. Vivamus sit amet risus. Donec egestas. Aliquam nec enim.,7,$59.14,KTY45OTV7YM
Donovan Tillman,0800 273521,egestas.ligula@aol.edu,9284 Ut St.,155171,Arunachal Pradesh,Ireland,15,amet orci. Ut sagittis lobortis mauris. Suspendisse aliquet molestie tellus.,1,$54.16,ORE63FCY7PW
Paul Castillo,(01658) 79107,egestas.a@icloud.edu,835-7652 Commodo Ave,6426-3455,Balochistan,Sweden,15,"tincidunt dui augue eu tellus. Phasellus elit pede, malesuada vel,",6,$72.03,XUL00WKH3BV
Scott Little,0845 46 48,vivamus.euismod@icloud.org,"583-6416 Vitae, Avenue",4262,Wiltshire,Chile,9,massa. Suspendisse eleifend. Cras sed leo. Cras vehicula aliquet libero.,2,$41.09,BGU00VRT8NJ
Azalia Drake,07876 763270,sit.amet@outlook.edu,884-6467 Erat St.,922182,Meghalaya,France,5,libero. Proin mi. Aliquam gravida mauris ut mi. Duis risus,8,$17.71,YMP61CFP5GD
Justina Kline,(01696) 142217,fringilla.cursus@protonmail.net,Ap #504-8125 Tempus Street,3966154,Oslo,South Africa,3,non enim commodo hendrerit. Donec porttitor tellus non magna. Nam,4,$78.09,NCC91YPK5MR
Melvin Mayo,(0114) 342 5165,laoreet.ipsum@hotmail.net,6806 Nibh Road,24652,Oost-Vlaanderen,Nigeria,19,eu eros. Nam consequat dolor vitae dolor. Donec fringilla. Donec,5,$82.09,RJG62XIT2QU
Scott Baker,0800 352 6269,erat.volutpat@protonmail.org,797-3575 Eros St.,6832,Queensland,India,19,interdum. Nunc sollicitudin commodo ipsum. Suspendisse non leo. Vivamus nibh,2,$5.18,KOK70RXB9QF
Jada Schultz,(0181) 376 1128,praesent.interdum@yahoo.couk,Ap #165-6106 Non Street,3474,Languedoc-Roussillon,China,15,lacus. Etiam bibendum fermentum metus. Aenean sed pede nec ante,6,$52.76,OBK46YVJ1ND
Bruce Daniels,0901 837 1856,in.tempus.eu@outlook.com,768-5652 Tincidunt Ave,15708,Riau Islands,Poland,15,"nec, eleifend non, dapibus rutrum, justo. Praesent luctus. Curabitur egestas",2,$19.62,ZMO97JMF6VQ
Wanda Frank,055 1233 6490,lacus.aliquam@yahoo.couk,"6861 Id, Street",237230,Riau,Australia,1,"in, cursus et, eros. Proin ultrices. Duis volutpat nunc sit",8,$11.71,PVB23HYI7HH
Flavia Burris,07624 881467,elit.pede.malesuada@yahoo.org,"P.O. Box 541, 9155 Pharetra St.",67446,Bangsamoro,Costa Rica,15,"nulla vulputate dui, nec tempus mauris erat eget ipsum. Suspendisse",8,$61.92,BWF25VBD2XN
Abigail Kramer,0500 607748,cubilia@aol.couk,922-7550 Vivamus Rd.,74471-77078,Agder,Chile,15,"mi. Duis risus odio, auctor vitae, aliquet nec, imperdiet nec,",9,$47.60,OGC81NFQ6SG
Felix Bowers,(029) 7215 8263,ipsum.leo@aol.org,2120 Egestas Ave,8375-1263,North Chungcheong,Netherlands,17,"Fusce dolor quam, elementum at, egestas a, scelerisque sed, sapien.",8,$88.13,YTX54SWR6EN
Kirk Porter,(0181) 931 9928,a@outlook.net,"P.O. Box 881, 5488 Cursus Road",88425-304,Valparaíso,Austria,1,non arcu. Vivamus sit amet risus. Donec egestas. Aliquam nec,3,$51.66,LJS77IKE7PX
Maya Padilla,0845 46 43,semper.pretium.neque@aol.com,939-4197 Semper Rd.,7288,Franche-Comté,France,17,consequat dolor vitae dolor. Donec fringilla. Donec feugiat metus sit,3,$25.04,PRL52PNK6TO
Ali Pollard,(0141) 184 1857,erat.eget.tincidunt@google.com,790-1643 Praesent Street,2396,Lower Austria,Nigeria,19,"sed, facilisis vitae, orci. Phasellus dapibus quam quis diam. Pellentesque",7,$91.20,EJB91IYW8HC
Cody Sullivan,0800 658 5421,nulla.magna@hotmail.org,Ap #650-4026 Odio Ave,216717,Xīnán,Spain,11,pharetra. Nam ac nulla. In tincidunt congue turpis. In condimentum.,7,$59.37,AFD89DEV8UC
Nerea Montgomery,055 8121 3934,dolor@protonmail.com,Ap #262-3581 Viverra. Ave,4268,Soccsksargen,India,15,nec luctus felis purus ac tellus. Suspendisse sed dolor. Fusce,1,$11.00,DFW06IWR6WG
Zeus Morrow,056 9446 8289,congue.turpis@hotmail.edu,"P.O. Box 562, 5229 Non, Av.",66301,Central Visayas,Nigeria,1,"Integer vulputate, risus a ultricies adipiscing, enim mi tempor lorem,",4,$99.82,NDS66HBC8YG
Faith Guy,(027) 6146 1273,elit@protonmail.com,547-9793 Nascetur Avenue,92516,Minnesota,Philippines,9,"aliquet lobortis, nisi nibh lacinia orci, consectetuer euismod est arcu",8,$46.43,UEW32ECS5TU
Otto Roth,(026) 2678 6202,faucibus.lectus@protonmail.edu,8579 Lacus. Road,73-49,Araucanía,Poland,9,"parturient montes, nascetur ridiculus mus. Proin vel nisl. Quisque fringilla",7,$15.65,HVL32XXW4MG
Serina Hester,07545 171048,proin.nisl@aol.org,Ap #942-3826 Tortor Avenue,1575 EW,Gloucestershire,South Korea,19,"vestibulum lorem, sit amet ultricies sem magna nec quam. Curabitur",4,$67.09,QBH06VRV5QW
Lawrence Callahan,0800 443215,diam.nunc@yahoo.couk,"310-365 Nec, Av.",6258 RJ,Limburg,United States,7,odio semper cursus. Integer mollis. Integer tincidunt aliquam arcu. Aliquam,0,$50.25,JFH94FMU5JM
Dylan Clay,07346 591564,nulla.cras@yahoo.com,"543-5319 Sapien, Ave",58112,Valparaíso,Turkey,15,"auctor ullamcorper, nisl arcu iaculis enim, sit amet ornare lectus",6,$91.21,RUQ01DYM9SS
Hu Sexton,07624 762259,maecenas.libero.est@google.edu,776-6929 Torquent Street,505542,Navarra,Philippines,5,"mattis ornare, lectus ante dictum mi, ac mattis velit justo",9,$83.05,TWP26BDU7WW
Morgan Blair,(01956) 65884,eget.dictum.placerat@aol.org,"Ap #585-9320 Est, Ave",S5B 8T6,Huádōng,South Korea,7,"adipiscing lobortis risus. In mi pede, nonummy ut, molestie in,",3,$35.74,CVJ64LBS1KJ
Drew Randolph,(01265) 28752,scelerisque@yahoo.org,Ap #193-7689 Arcu. St.,7452,Cherkasy oblast,Russian Federation,1,nec orci. Donec nibh. Quisque nonummy ipsum non arcu. Vivamus,3,$28.06,NVN24MRC0NK
Deborah Albert,(01365) 27938,laoreet.ipsum.curabitur@hotmail.com,243-5800 Enim Street,0416,Maluku,Nigeria,7,lobortis. Class aptent taciti sociosqu ad litora torquent per conubia,3,$16.26,XWS14HHD7XY
Guy Vinson,(0161) 825 1655,rhoncus.id@yahoo.ca,Ap #735-416 Ultricies Av.,29073,Sokoto,Germany,11,"enim nec tempus scelerisque, lorem ipsum sodales purus, in molestie",9,$20.57,OGU64UJQ6HZ
Mira Ramirez,(01274) 385212,et.rutrum.eu@outlook.net,"Ap #233-1096 Consequat, Ave",12356,Casanare,Netherlands,19,sit amet orci. Ut sagittis lobortis mauris. Suspendisse aliquet molestie,6,$68.86,QVJ06IEK5IN
Nathaniel Hutchinson,0800 948 1821,sagittis.duis@protonmail.couk,344-9288 Sit Avenue,3481-5464,Mecklenburg-Vorpommern,Germany,1,"id sapien. Cras dolor dolor, tempus non, lacinia at, iaculis",3,$63.62,UXC37DXD3OY
Cassady Valdez,056 3076 3254,nam@protonmail.com,406 Lacus. Street,35-28,Cartago,Philippines,19,arcu. Vestibulum ante ipsum primis in faucibus orci luctus et,3,$58.26,IOS19WXL5OY
Justin Guerra,0500 362591,massa.vestibulum.accumsan@outlook.edu,"P.O. Box 157, 9530 Commodo Street",24956,Limousin,Pakistan,1,"elementum, lorem ut aliquam iaculis, lacus pede sagittis augue, eu",4,$6.96,MEJ58HHL6DB
Beatrice Schneider,(016977) 4658,sed.consequat@protonmail.com,5809 Dictum Ave,6359,Riau Islands,Poland,17,"montes, nascetur ridiculus mus. Proin vel nisl. Quisque fringilla euismod",1,$48.04,DUE69RMU3RN
Eric Gillespie,(027) 8186 7133,eget.venenatis@google.net,722-5747 Cras Avenue,30252,Niger,South Korea,17,"risus. Nunc ac sem ut dolor dapibus gravida. Aliquam tincidunt,",3,$63.65,NQP83WSF7FR
Urielle Pearson,(01379) 22786,nullam.enim.sed@google.net,3604 Adipiscing Street,8588 JK,Wiltshire,Belgium,11,nulla. Cras eu tellus eu augue porttitor interdum. Sed auctor,3,$76.44,TVI49SGQ4VM
Alea Caldwell,0952 062 2734,faucibus.orci.luctus@aol.org,963-6027 Nullam Rd.,88261-98153,Khyber Pakhtoonkhwa,Russian Federation,1,tristique neque venenatis lacus. Etiam bibendum fermentum metus. Aenean sed,8,$2.85,DOX88HDJ3VS
Anjolie Waters,(016977) 9150,purus.in@aol.com,1229 Risus. St.,269508,Biobío,Sweden,17,ultrices iaculis odio. Nam interdum enim non nisi. Aenean eget,8,$46.96,DFT16ORM9GY
Zelenia Strickland,0800 853 3359,pede@protonmail.edu,132 Pellentesque Road,01843,Osun,United States,3,quam. Pellentesque habitant morbi tristique senectus et netus et malesuada,5,$12.20,VEI93CTD4TO
Sacha Macias,(01442) 72653,diam.at@outlook.couk,Ap #142-6163 Accumsan Av.,539399,FATA,Italy,15,quam a felis ullamcorper viverra. Maecenas iaculis aliquet diam. Sed,8,$75.80,HRE12BMP2UY
Zephania Mccormick,055 3442 7418,magna.phasellus.dolor@hotmail.ca,477-4075 Justo Road,15-814,Drenthe,Singapore,5,"feugiat non, lobortis quis, pede. Suspendisse dui. Fusce diam nunc,",5,$14.07,ZNY69BQY2XN
Ora Jacobson,056 7135 2182,hendrerit.a.arcu@outlook.com,Ap #296-8014 Velit. Av.,41341,Dōngběi,Italy,17,Quisque nonummy ipsum non arcu. Vivamus sit amet risus. Donec,3,$86.29,VNI90RGL4CB
Clementine Henson,(028) 8725 5571,orci.luctus@icloud.ca,"806-1284 Purus, Road",6115,South Island,Indonesia,5,"adipiscing elit. Etiam laoreet, libero et tristique pellentesque, tellus sem",9,$41.97,QWG84YQF9OQ
Kadeem Mullins,(0112) 872 8431,augue.sed@google.edu,163-7468 Nibh. Rd.,5274,Imo,Costa Rica,5,Morbi quis urna. Nunc quis arcu vel quam dignissim pharetra.,3,$77.51,SVM86QGB1NF
Lucian Poole,0381 848 2226,cubilia.curae@google.net,Ap #208-8133 Convallis St.,854031,Centre,Philippines,17,velit eu sem. Pellentesque ut ipsum ac mi eleifend egestas.,0,$14.90,KUX22WPY5HF
Avram Le,(016977) 2646,sit@yahoo.net,Ap #828-1158 Dictum Street,44479,West Kalimantan,Netherlands,13,"a, malesuada id, erat. Etiam vestibulum massa rutrum magna. Cras",4,$27.64,TCS93TKG3VI
Marah Stuart,0845 46 46,semper.tellus@yahoo.org,5905 Consectetuer Road,2381,Tabasco,Poland,7,"blandit enim consequat purus. Maecenas libero est, congue a, aliquet",2,$50.74,RMX59ILE7QW
Colette Johnson,(014253) 25424,urna@outlook.edu,Ap #904-738 Nulla Rd.,18822-26553,Osun,Spain,7,id nunc interdum feugiat. Sed nec metus facilisis lorem tristique,5,$18.20,BHT64DUB4BL
Heather Ortega,07679 334940,posuere.enim@yahoo.com,182-5780 Sit Rd.,11432,Noord Brabant,Chile,15,varius. Nam porttitor scelerisque neque. Nullam nisl. Maecenas malesuada fringilla,2,$69.67,XOF72DGU1DF
Sybil Dickson,0815 542 5370,lectus.cum.sociis@yahoo.ca,184-161 Nullam St.,42E 9X5,Iowa,Peru,1,"magnis dis parturient montes, nascetur ridiculus mus. Aenean eget magna.",3,$6.82,DKB44BLD3TT
Keefe Buck,(01305) 31745,vel.quam.dignissim@hotmail.net,5782 Molestie Street,892366,Araucanía,Germany,11,vel pede blandit congue. In scelerisque scelerisque dui. Suspendisse ac,8,$97.95,MCB33IET7VR
Acton Davidson,0800 822974,ipsum.suspendisse.non@protonmail.org,Ap #789-3387 Nulla Avenue,111645,Azad Kashmir,Philippines,19,"sapien, gravida non, sollicitudin a, malesuada id, erat. Etiam vestibulum",5,$45.33,DLJ27BSD7RU
Helen Molina,0800 1111,arcu.vestibulum@protonmail.com,630-1294 Cras Avenue,72-692,North-East Region,Norway,9,pellentesque. Sed dictum. Proin eget odio. Aliquam vulputate ullamcorper magna.,2,$41.41,KOK66KXP4KN
Yael Wilcox,0817 211 5272,quis.lectus@yahoo.couk,5774 Enim. Av.,660825,Mazowieckie,Norway,15,habitant morbi tristique senectus et netus et malesuada fames ac,6,$73.14,TAX63XAR9XJ
Veda Bradshaw,070 1118 1558,mattis.integer.eu@aol.edu,Ap #247-5957 Tincidunt Road,31231,Đồng Tháp,Nigeria,11,amet ornare lectus justo eu arcu. Morbi sit amet massa.,7,$34.64,HPR72RMR0IR
Claire Burch,(0117) 275 9455,hendrerit.a@yahoo.couk,"P.O. Box 991, 5511 Tellus Rd.",285783,North Jeolla,Spain,3,tristique pharetra. Quisque ac libero nec ligula consectetuer rhoncus. Nullam,1,$35.59,NCB08KFZ4SV
Ezekiel Tucker,0800 1111,donec.egestas@yahoo.org,4985 Sed Street,97-85,Zhōngnán,Australia,19,nisi. Aenean eget metus. In nec orci. Donec nibh. Quisque,6,$62.35,QNA48KSN1UG
Stacy Blankenship,(01873) 761625,donec.at@outlook.com,Ap #834-7177 Morbi Avenue,4447,Balochistan,Pakistan,15,"rutrum eu, ultrices sit amet, risus. Donec nibh enim, gravida",9,$25.63,RUA70WWV2IG
Juliet Baldwin,07624 774163,aliquam.nec.enim@icloud.com,237-2766 Amet St.,48070,Auvergne,Belgium,3,"nulla ante, iaculis nec, eleifend non, dapibus rutrum, justo. Praesent",7,$84.70,GJW51TET5FT
Brennan Brock,0800 987 1646,sed.dictum@aol.edu,"P.O. Box 506, 7711 Eu Street",44896,Central Sulawesi,Colombia,13,"a purus. Duis elementum, dui quis accumsan convallis, ante lectus",2,$74.53,XIF64WTL9MY
Uma Valentine,(016977) 2881,eu.dolor.egestas@icloud.ca,Ap #192-9252 Neque. Rd.,1868,Vorarlberg,Peru,3,gravida. Praesent eu nulla at sem molestie sodales. Mauris blandit,2,$88.45,TBN28FFH8OK
Dale Lee,0945 741 2348,commodo.auctor@protonmail.edu,334-4279 Vitae Av.,12281,Kent,Pakistan,19,"elit, dictum eu, eleifend nec, malesuada ut, sem. Nulla interdum.",6,$8.29,LJB40LRW0JM
Lara Pugh,0800 1111,ac.ipsum@outlook.edu,"P.O. Box 868, 2861 Morbi Rd.",56828-62215,Arica y Parinacota,Austria,15,Morbi non sapien molestie orci tincidunt adipiscing. Mauris molestie pharetra,8,$33.22,TQB41CAO1PS
Clare Wooten,0800 817 0318,arcu.vestibulum@aol.edu,Ap #168-9068 Morbi Rd.,16058-14847,Huádōng,India,9,"tempus, lorem fringilla ornare placerat, orci lacus vestibulum lorem, sit",6,$28.27,BLF52EUP9HU
Uriah Brock,07624 982244,mauris.eu@aol.couk,863-6171 Id Street,11-804,Umbria,Ireland,13,"mauris id sapien. Cras dolor dolor, tempus non, lacinia at,",7,$91.65,ULS13XYB5QL
Hillary Avila,(016977) 7035,neque.tellus@google.net,"P.O. Box 209, 9998 Dui. Ave",PG6H 9UX,Munster,Netherlands,7,"ligula elit, pretium et, rutrum non, hendrerit id, ante. Nunc",5,$22.07,RMC91SFW3YU
Dolan Burnett,07624 569492,non@icloud.com,"669 Non, Ave",69886,Carinthia,United States,9,"interdum. Sed auctor odio a purus. Duis elementum, dui quis",2,$96.53,USE77MVQ4PB
Galena Richmond,0800 383 5475,orci@protonmail.edu,"P.O. Box 980, 3362 Mollis Rd.",74321-92181,Wielkopolskie,Russian Federation,19,"urna justo faucibus lectus, a sollicitudin orci sem eget massa.",9,$25.83,BVW51YKE4HO
Jaime Willis,0318 597 7796,euismod@protonmail.net,4039 Nascetur Rd.,152334,Møre og Romsdal,South Africa,17,"eu tellus. Phasellus elit pede, malesuada vel, venenatis vel, faucibus",1,$98.96,LOB66SZN6XO
Kamal Lee,07789 444533,quis.pede@icloud.org,Ap #797-1486 Donec St.,59488,Mykolaiv oblast,Germany,3,congue turpis. In condimentum. Donec at arcu. Vestibulum ante ipsum,5,$62.71,UBH05UYN7UA
Hannah Gomez,(013811) 75507,urna@aol.edu,"P.O. Box 640, 9869 Ut Road",5434,Euskadi,Austria,1,eleifend. Cras sed leo. Cras vehicula aliquet libero. Integer in,3,$59.03,THC01TOY2UC
James Simpson,(0117) 280 6451,metus.in@outlook.com,Ap #480-5104 Primis Ave,95616,Minas Gerais,Ireland,11,nibh vulputate mauris sagittis placerat. Cras dictum ultricies ligula. Nullam,1,$35.21,MMU46BNE3CS
Richard Evans,(0131) 236 2671,vulputate.eu.odio@icloud.couk,3546 A Rd.,21316,Limón,Vietnam,13,et netus et malesuada fames ac turpis egestas. Aliquam fringilla,4,$69.58,OCM58SGT1LL
Dexter Marks,(016977) 6861,urna@icloud.edu,Ap #673-1232 Libero Road,7571,Principado de Asturias,Colombia,11,sit amet ultricies sem magna nec quam. Curabitur vel lectus.,9,$41.20,HRL62AOF5EU
Gannon Davidson,(016977) 3491,dolor.fusce@protonmail.org,Ap #534-9115 Hymenaeos. Avenue,VP6L 4YH,Tamaulipas,Costa Rica,15,"elementum sem, vitae aliquam eros turpis non enim. Mauris quis",7,$78.98,NVB17OIB1KY
Tanner Fields,0800 991883,aenean.sed@google.edu,Ap #267-5207 Dictum Ave,876646,Antofagasta,Russian Federation,11,"Nullam scelerisque neque sed sem egestas blandit. Nam nulla magna,",7,$45.10,NLL22GWV1QR
Wanda Boyer,07146 357306,sem@google.org,725-8939 Turpis Street,74761,Trøndelag,Spain,15,diam vel arcu. Curabitur ut odio vel est tempor bibendum.,2,$98.34,DXM25SWX4UR
Anne Burt,0845 525 0372,habitant.morbi@aol.com,"P.O. Box 762, 3840 Ac St.",O0V 4E4,Jigawa,India,1,ultrices posuere cubilia Curae Phasellus ornare. Fusce mollis. Duis sit,2,$49.56,NCB45SUP7NV
Imogene Galloway,(016977) 9211,eros.non@outlook.couk,"P.O. Box 215, 271 Aliquam Rd.",95468,Gävleborgs län,Peru,1,imperdiet ornare. In faucibus. Morbi vehicula. Pellentesque tincidunt tempus risus.,2,$52.89,EDO85STY1CT
Scarlett Langley,076 7356 3572,sed@protonmail.couk,666-6772 Laoreet Ave,269262,Ivano-Frankivsk oblast,Australia,1,"a, dui. Cras pellentesque. Sed dictum. Proin eget odio. Aliquam",4,$77.69,QNY56MBS4IH
Byron Wynn,0392 256 2832,donec.egestas@aol.com,118-1443 Sociis Rd.,25803,Louisiana,China,13,cursus purus. Nullam scelerisque neque sed sem egestas blandit. Nam,10,$79.70,PUY87PIU4LT
Graiden Townsend,0830 455 2711,purus.duis.elementum@aol.couk,"P.O. Box 217, 8935 Sagittis. Avenue",56117,Lipetsk Oblast,South Korea,7,Nullam lobortis quam a felis ullamcorper viverra. Maecenas iaculis aliquet,6,$29.55,GJM45CQU1GZ
Amir Houston,(01606) 825046,augue.scelerisque@aol.net,Ap #518-9488 Elit. Street,2144,Biobío,Nigeria,15,amet ultricies sem magna nec quam. Curabitur vel lectus. Cum,3,$41.32,CND78NJY2XF
Hermione Carr,0800 272602,non.dapibus@protonmail.com,721-3192 Magna Rd.,26930,Queensland,Pakistan,19,"orci, adipiscing non, luctus sit amet, faucibus ut, nulla. Cras",3,$6.14,UDS39INL1CX
Darrel Gates,(024) 0676 6116,orci.phasellus@yahoo.ca,"P.O. Box 976, 7887 Diam St.",4144,West Papua,United Kingdom,1,amet ultricies sem magna nec quam. Curabitur vel lectus. Cum,7,$79.54,PXO54TUV8NH
Marshall Sykes,0800 728475,sapien.cras@protonmail.org,1495 Egestas. Rd.,18102,Utrecht,India,1,"mi lacinia mattis. Integer eu lacus. Quisque imperdiet, erat nonummy",7,$25.30,IUC28LDY7MM
Hyatt Ashley,0873 882 4844,imperdiet@yahoo.org,"P.O. Box 490, 4963 Mauris Avenue",16882,Trøndelag,Vietnam,7,vestibulum. Mauris magna. Duis dignissim tempor arcu. Vestibulum ut eros,2,$36.24,HWP81EEB2HK
Palmer Bowers,076 9264 4467,risus@aol.com,Ap #698-4249 Sed St.,30966-60458,Delta,Norway,11,nec orci. Donec nibh. Quisque nonummy ipsum non arcu. Vivamus,8,$89.52,SXH88MTP8RT
